0,0,0,0,2,-14,0,0,0,
0,0,0.02,0,2,-14,0,0,0,
0,0,0.2877729,0,2,-14,0,0,0,
0,0,0.3051916,0,2,-14,0,0,0,
0,0,0.3219919,0,2,-14,0,0,0,
0,0,0.3389475,0,2,-14,0,0,0,
0,0,0.3559079,0,2,-14,0,0,0,
0,0,0.372575,0,2,-14,0,0,0,
0,0,0.3892415,0,2,-14,0,0,0,
0,0,0.4059088,0,2,-14,0,0,0,
0,0,0.4225768,0,2,-14,0,0,0,
0,0,0.4392426,0,2,-14,0,0,0,
0,0,0.4559093,0,2,-14,0,0,0,
0,0,0.4726896,0,2,-14,0,0,0,
0,0,0.489644,0,2,-14,0,0,0,
0,0,0.5065105,0,2,-14,0,0,0,
0,0,0.5231774,0,2,-14,0,0,0,
0,0,0.5404264,0,2,-14,0,0,0,
0,0,0.5570932,0,2,-14,0,0,0,
0,0,0.5737602,0,2,-14,0,0,0,
0,0,0.5904268,0,2,-14,0,0,0,
0,0,0.607521,0,2,-14,0,0,0,
0,0,0.6244765,0,2,-14,0,0,0,
0,0,0.641143,0,2,-14,0,0,0,
0,0,0.65781,0,2,-14,0,0,0,
0,0,0.6744769,0,2,-14,0,0,0,
0,0,0.6912658,0,2,-14,0,0,0,
0,0,0.7082435,0,2,-14,0,0,0,
0,0,0.7249103,0,2,-14,0,0,0,
0,0,0.742156,0,2,-14,0,0,0,
0,0,0.7591109,0,2,-14,0,0,0,
0,0,0.7760016,0,2,-14,0,0,0,
0,0,0.7930215,0,2,-14,0,0,0,
0,0,0.8099767,0,2,-14,0,0,0,
0,0,0.8266435,0,2,-14,0,0,0,
0,0,0.8433101,0,2,-14,0,0,0,
0,0,0.8599768,0,2,-14,0,0,0,
0,0,0.8767098,0,2,-14,0,0,0,
0,0,0.8933776,0,2,-14,0,0,0,
0,0,0.9100434,0,2,-14,0,0,0,
0,0,0.92671,0,2,-14,0,0,0,
0,0,0.9435324,0,2,-14,0,0,0,
0,0,0.9605993,0,2,-14,0,0,0,
0,0,0.977266,0,2,-14,0,0,0,
0,0,0.9939327,0,2,-14,0,0,0,
0,0,1.010599,0,2,-14,0,0,0,
0,0,1.027397,0,2,-14,0,0,0,
0,0,1.044065,0,2,-14,0,0,0,
0,0,1.060731,0,2,-14,0,0,0,
0,0,1.077398,0,2,-14,0,0,0,
0,0,1.094216,0,2,-14,0,0,0,
0,0,1.111319,0,2,-14,0,0,0,
0,0,1.127986,0,2,-14,0,0,0,
0,0,1.144653,0,2,-14,0,0,0,
0,0,1.16132,0,2,-14,0,0,0,
0,0,1.177987,0,2,-14,0,0,0,
0,0,1.195106,0,2,-14,0,0,0,
0,0,1.21206,0,2,-14,0,0,0,
0,0,1.229024,0,2,-14,0,0,0,
0,0,1.24598,0,2,-14,0,0,0,
0,0,1.262923,0,2,-14,0,0,0,
0,0,1.279843,0,2,-14,0,0,0,
0,0,1.296763,0,2,-14,0,0,0,
0,0,1.313428,0,2,-14,0,0,0,
0,0,1.330095,0,2,-14,0,0,0,
0,0,1.346762,0,2,-14,0,0,0,
0,0,1.36365,0,2,-14,0,0,0,
0,0,1.380317,0,2,-14,0,0,0,
0,0,1.396983,0,2,-14,0,0,0,
0,0,1.41365,0,2,-14,0,0,0,
0,0,1.430478,0,2,-14,0,0,0,
0,0,1.447361,0,2,-14,0,0,0,
0,0,1.464388,0,2,-14,0,0,0,
0,0,1.481054,0,2,-14,0,0,0,
0,0,1.497721,0,2,-14,0,0,0,
0,0,1.514387,0,2,-14,0,0,0,
0,0,1.531236,0,2,-14,0,0,0,
0,0,1.548169,0,2,-14,0,0,0,
0,0,1.565136,0,2,-14,0,0,0,
0,0,1.581863,0,2,-14,0,0,0,
0,0,1.598745,0,2,-14,0,0,0,
0,0,1.615764,0,2,-14,0,0,0,
0,0,1.632431,0,2,-14,0,0,0,
0,0,1.649675,0,2,-14,0,0,0,
0,0,1.666633,0,2,-14,0,0,0,
0,0,1.683589,0,2,-14,0,0,0,
0,0,1.700551,0,2,-14,0,0,0,
0,0,1.717218,0,2,-14,0,0,0,
0,0,1.734444,0,2,-14,0,0,0,
0,0,1.751111,0,2,-14,0,0,0,
0,0,1.767777,0,2,-14,0,0,0,
0,0,1.784444,0,2,-14,0,0,0,
0,0,1.801111,0,2,-14,0,0,0,
0,0,1.818002,0,2,-14,0,0,0,
0,0,1.834953,0,2,-14,0,0,0,
0,0,1.851915,0,2,-14,0,0,0,
0,0,1.868803,0,2,-14,0,0,0,
0,0,1.885829,0,2,-14,0,0,0,
0,0,1.902784,0,2,-14,0,0,0,
0,0,1.919729,0,2,-14,0,0,0,
0,0,1.936686,0,2,-14,0,0,0,
0,0,1.953353,0,2,-14,0,0,0,
0,0,1.970597,0,2,-14,0,0,0,
0,0,1.987264,0,2,-14,0,0,0,
0,0,2.003931,0,2,-14,0,0,0,
0,0,2.020597,0,2,-14,0,0,0,
0,0,2.037264,0,2,-14,0,0,0,
0,0,2.054317,0,2,-14,0,0,0,
0,0,2.070981,0,2,-14,0,0,0,
0,0,2.088284,0,2,-14,0,0,0,
0,0,2.105232,0,2,-14,0,0,0,
0,0,2.121899,0,2,-14,0,0,0,
0,0,2.139149,0,2,-14,0,0,0,
0,0,2.156102,0,2,-14,0,0,0,
0,0,2.172769,0,2,-14,0,0,0,
0,0,2.189436,0,2,-14,0,0,0,
0,0,2.206103,0,2,-14,0,0,0,
0,0,2.222769,0,2,-14,0,0,0,
0,0,2.239815,0,2,-14,0,0,0,
0,0,2.256482,0,2,-14,0,0,0,
0,0,2.273724,0,2,-14,0,0,0,
0,0,2.290391,0,2,-14,0,0,0,
0,0,2.307057,0,2,-14,0,0,0,
0,0,2.323724,0,2,-14,0,0,0,
0,0,2.340544,0,2,-14,0,0,0,
0,0,2.357212,0,2,-14,0,0,0,
0,0,2.37454,0,2,-14,0,0,0,
0,0,2.391207,0,2,-14,0,0,0,
0,0,2.407873,0,2,-14,0,0,0,
0,0,2.42454,0,2,-14,0,0,0,
0,0,2.441279,0,2,-14,0,0,0,
0,0,2.458255,0,2,-14,0,0,0,
0,0,2.475213,0,2,-14,0,0,0,
0,0,2.491879,0,2,-14,0,0,0,
0,0,2.508546,0,2,-14,0,0,0,
0,0,2.525274,0,2,-14,0,0,0,
0,0,2.542227,0,2,-14,0,0,0,
0,0,2.558895,0,2,-14,0,0,0,
0,0,2.576143,0,2,-14,0,0,0,
0,0,2.593094,0,2,-14,0,0,0,
0,0,2.609761,0,2,-14,0,0,0,
0,0,2.62703,0,2,-14,0,0,0,
0,0,2.643697,0,2,-14,0,0,0,
0,0,2.660363,0,2,-14,0,0,0,
0,0,2.677031,0,2,-14,0,0,0,
0,0,2.693805,0,2,-14,0,0,0,
0,0,2.710691,0,2,-14,0,0,0,
0,0,2.727708,0,2,-14,0,0,0,
0,0,2.744679,0,2,-14,0,0,0,
0,0,2.76165,0,2,-14,0,0,0,
0,0,2.778604,0,2,-14,0,0,0,
0,0,2.795551,0,2,-14,0,0,0,
0,0,2.812514,0,2,-14,0,0,0,
0,0,2.829489,0,2,-14,0,0,0,
0,0,2.846156,0,2,-14,0,0,0,
0,0,2.863511,0,2,-14,0,0,0,
0,0,2.880334,0,2,-14,0,0,0,
0,0,2.897438,0,2,-14,0,0,0,
0,0,2.914354,0,2,-14,0,0,0,
0,0,2.931343,0,2,-14,0,0,0,
0,0,2.9482,0,2,-14,0,0,0,
0,0,2.964866,0,2,-14,0,0,0,
0,0,2.982183,0,2,-14,0,0,0,
0,0,2.999133,0,2,-14,0,0,0,
0,0,3.016085,0,2,-14,0,0,0,
0,0,3.033026,0,2,-14,0,0,0,
0,0,3.050021,0,2,-14,0,0,0,
0,0,3.067135,0,2,-14,0,0,0,
0,0,3.0838,0,2,-14,0,0,0,
0,0,3.100466,0,2,-14,0,0,0,
0,0,3.117133,0,2,-14,0,0,0,
0,0,3.133964,0,2,-14,0,0,0,
0,0,3.15063,0,2,-14,0,0,0,
0,0,3.167297,0,2,-14,0,0,0,
0,0,3.183964,0,2,-14,0,0,0,
0,0,3.200697,0,2,-14,0,0,0,
0,0,3.217363,0,2,-14,0,0,0,
0,0,3.234703,0,2,-14,0,0,0,
0,0,3.251369,0,2,-14,0,0,0,
0,0,3.268036,0,2,-14,0,0,0,
0,0,3.285527,0,2,-14,0,0,0,
0,0,3.302506,0,2,-14,0,0,0,
0,0,3.31937,0,2,-14,0,0,0,
0,0,3.336037,0,2,-14,0,0,0,
0,0,3.352704,0,2,-14,0,0,0,
0,0,3.370271,0,2,-14,0,0,0,
0,0,3.38731,0,2,-14,0,0,0,
0,0,3.404264,0,2,-14,0,0,0,
0,0,3.421108,0,2,-14,0,0,0,
0,0,3.438145,0,2,-14,0,0,0,
0,0,3.454812,0,2,-14,0,0,0,
0,0,3.471479,0,2,-14,0,0,0,
0,0,3.488147,0,2,-14,0,0,0,
0,0,3.504813,0,2,-14,0,0,0,
0,0,3.521479,0,2,-14,0,0,0,
0,0,3.538146,0,2,-14,0,0,0,
0,0,3.555007,0,2,-14,0,0,0,
0,0,3.571875,0,2,-14,0,0,0,
0,0,3.588856,0,2,-14,0,0,0,
0,0,3.60552,0,2,-14,0,0,0,
0,0,3.622187,0,2,-14,0,0,0,
0,0,3.638854,0,2,-14,0,0,0,
0,0,3.655884,0,2,-14,0,0,0,
0,0,3.672843,0,2,-14,0,0,0,
0,0,3.689824,0,2,-14,0,0,0,
0,0,3.70666,0,2,-14,0,0,0,
0,0,3.723327,0,2,-14,0,0,0,
0,0,3.739995,0,2,-14,0,0,0,
0,0,3.756661,0,2,-14,0,0,0,
0,0,3.773592,0,2,-14,0,0,0,
0,0,3.790258,0,2,-14,0,0,0,
0,0,3.807611,0,2,-14,0,0,0,
0,0,3.824434,0,2,-14,0,0,0,
0,0,3.841403,0,2,-14,0,0,0,
0,0,3.858376,0,2,-14,0,0,0,
0,0,3.875318,0,2,-14,0,0,0,
0,0,3.891984,0,2,-14,0,0,0,
0,0,3.90865,0,2,-14,0,0,0,
0,0,3.925316,0,2,-14,0,0,0,
0,0,3.941983,0,2,-14,0,0,0,
0,0,3.959312,0,2,-14,0,0,0,
0,0,3.976251,0,2,-14,0,0,0,
0,0,3.993193,0,2,-14,0,0,0,
0,0,4.010159,0,2,-14,0,0,0,
0,0,4.026825,0,2,-14,0,0,0,
0,0,4.043493,0,2,-14,0,0,0,
0,0,4.06016,0,2,-14,0,0,0,
0,0,4.076915,0,2,-14,0,0,0,
0,0,4.093581,0,2,-14,0,0,0,
0,0,4.110248,0,2,-14,0,0,0,
0,0,4.126915,0,2,-14,0,0,0,
0,0,4.143582,0,2,-14,0,0,0,
0,0,4.160248,0,2,-14,0,0,0,
0,0,4.176915,0,2,-14,0,0,0,
0,0,4.193605,0,2,-14,0,0,0,
0,0,4.210508,0,2,-14,0,0,0,
0,0,4.227174,0,2,-14,0,0,0,
0,0,4.244512,0,2,-14,0,0,0,
0,0,4.261484,0,2,-14,0,0,0,
0,0,4.278431,0,2,-14,0,0,0,
0,0,4.295395,0,2,-14,0,0,0,
0,0,4.312358,0,2,-14,0,0,0,
0,0,4.329306,0,2,-14,0,0,0,
0,0,4.346184,0,2,-14,0,0,0,
0,0,4.362851,0,2,-14,0,0,0,
0,0,4.380086,0,2,-14,0,0,0,
0,0,4.396751,0,2,-14,0,0,0,
0,0,4.413729,0,2,-14,0,0,0,
0,0,4.430676,0,2,-14,0,0,0,
0,0,4.447342,0,2,-14,0,0,0,
0,0,4.464009,0,2,-14,0,0,0,
0,0,4.480676,0,2,-14,0,0,0,
0,0,4.497516,0,2,-14,0,0,0,
0,0,4.514184,0,2,-14,0,0,0,
0,0,4.531419,0,2,-14,0,0,0,
0,0,4.54834,0,2,-14,0,0,0,
0,0,4.565308,0,2,-14,0,0,0,
0,0,4.582277,0,2,-14,0,0,0,
0,0,4.598944,0,2,-14,0,0,0,
0,0,4.616168,0,2,-14,0,0,0,
0,0,4.633037,0,2,-14,0,0,0,
0,0,4.649699,0,2,-14,0,0,0,
0,0,4.667059,0,2,-14,0,0,0,
0,0,4.684008,0,2,-14,0,0,0,
0,0,4.700922,0,2,-14,0,0,0,
0,0,4.717901,0,2,-14,0,0,0,
0,0,4.73486,0,2,-14,0,0,0,
0,0,4.7518,0,2,-14,0,0,0,
0,0,4.768466,0,2,-14,0,0,0,
0,0,4.785133,0,2,-14,0,0,0,
0,0,4.8018,0,2,-14,0,0,0,
0,0,4.818623,0,2,-14,0,0,0,
0,0,4.835608,0,2,-14,0,0,0,
0,0,4.852274,0,2,-14,0,0,0,
0,0,4.869497,0,2,-14,0,0,0,
0,0,4.886424,0,2,-14,0,0,0,
0,0,4.90309,0,2,-14,0,0,0,
0,0,4.92,0,2,-14,0,0,0,
0,0,4.936934,0,2,-14,0,0,0,
0,0,4.95388,0,2,-14,0,0,0,
0,0,4.970776,0,2,-14,0,0,0,
0,0,4.987794,0,2,-14,0,0,0,
0,0,5.004461,0,2,-14,0,0,0,
0,0,5.0217,0,2,-14,0,0,0,
0,0,5.038666,0,2,-14,0,0,0,
0,0,5.055618,0,2,-14,0,0,0,
0,0,5.072285,0,2,-14,0,0,0,
0,0,5.088952,0,2,-14,0,0,0,
0,0,5.105618,0,2,-14,0,0,0,
0,0,5.122445,0,2,-14,0,0,0,
0,0,5.139112,0,2,-14,0,0,0,
0,0,5.155778,0,2,-14,0,0,0,
0,0,5.172445,0,2,-14,0,0,0,
0,0,5.189113,0,2,-14,0,0,0,
0,0,5.205779,0,2,-14,0,0,0,
0,0,5.222445,0,2,-14,0,0,0,
0,0,5.23912,0,2,-14,0,0,0,
0,0,5.256068,0,2,-14,0,0,0,
0,0,5.273055,0,2,-14,0,0,0,
0,0,5.289896,0,2,-14,0,0,0,
0,0,5.306561,0,2,-14,0,0,0,
0,0,5.323808,0,2,-14,0,0,0,
0,0,5.340781,0,2,-14,0,0,0,
0,0,5.357925,0,2,-14,0,0,0,
0,0,5.374786,0,2,-14,0,0,0,
0,0,5.39185,0,2,-14,0,0,0,
0,0,5.40878,0,2,-14,0,0,0,
0,0,5.425643,0,2,-14,0,0,0,
0,0,5.442311,0,2,-14,0,0,0,
0,0,5.458977,0,2,-14,0,0,0,
0,0,5.475644,0,2,-14,0,0,0,
0,0,5.492529,0,2,-14,0,0,0,
0,0,5.509514,0,2,-14,0,0,0,
0,0,5.526428,0,2,-14,0,0,0,
0,0,5.543094,0,2,-14,0,0,0,
0,0,5.55976,0,2,-14,0,0,0,
0,0,5.576427,0,2,-14,0,0,0,
0,0,5.593311,0,2,-14,0,0,0,
0,0,5.610234,0,2,-14,0,0,0,
0,0,5.62711,0,2,-14,0,0,0,
0,0,5.643777,0,2,-14,0,0,0,
0,0,5.660444,0,2,-14,0,0,0,
0,0,5.678059,0,2,-14,0,0,0,
0,0,5.694726,0,2,-14,0,0,0,
0,0,5.711394,0,2,-14,0,0,0,
0,0,5.728059,0,2,-14,0,0,0,
0,0,5.74488,0,2,-14,0,0,0,
0,0,5.761754,0,2,-14,0,0,0,
0,0,5.77842,0,2,-14,0,0,0,
0,0,5.79576,0,2,-14,0,0,0,
0,0,5.812706,0,2,-14,0,0,0,
0,0,5.829669,0,2,-14,0,0,0,
0,0,5.846617,0,2,-14,0,0,0,
0,0,5.863593,0,2,-14,0,0,0,
0,0,5.880505,0,2,-14,0,0,0,
0,0,5.897476,0,2,-14,0,0,0,
0,0,5.914425,0,2,-14,0,0,0,
0,0,5.93138,0,2,-14,0,0,0,
0,0,5.948333,0,2,-14,0,0,0,
0,0,5.965304,0,2,-14,0,0,0,
0,0,5.982244,0,2,-14,0,0,0,
0,0,5.998911,0,2,-14,0,0,0,
0,0,6.016157,0,2,-14,0,0,0,
0,0,6.032824,0,2,-14,0,0,0,
0,0,6.050234,0,2,-14,0,0,0,
0,0,6.067096,0,2,-14,0,0,0,
0,0,6.083763,0,2,-14,0,0,0,
0,0,6.10043,0,2,-14,0,0,0,
0,0,6.117096,0,2,-14,0,0,0,
0,0,6.134005,0,2,-14,0,0,0,
0,0,6.150947,0,2,-14,0,0,0,
0,0,6.167911,0,2,-14,0,0,0,
0,0,6.184837,0,2,-14,0,0,0,
0,0,6.201844,0,2,-14,0,0,0,
0,0,6.218799,0,2,-14,0,0,0,
0,0,6.235657,0,2,-14,0,0,0,
0,0,6.252323,0,2,-14,0,0,0,
0,0,6.268989,0,2,-14,0,0,0,
0,0,6.285656,0,2,-14,0,0,0,
0,0,6.302468,0,2,-14,0,0,0,
0,0,6.319498,0,2,-14,0,0,0,
0,0,6.336462,0,2,-14,0,0,0,
0,0,6.353433,0,2,-14,0,0,0,
0,0,6.370099,0,2,-14,0,0,0,
0,0,6.386766,0,2,-14,0,0,0,
0,0,6.404028,0,2,-14,0,0,0,
0,0,6.420919,0,2,-14,0,0,0,
0,0,6.437945,0,2,-14,0,0,0,
0,0,6.454612,0,2,-14,0,0,0,
0,0,6.471854,0,2,-14,0,0,0,
0,0,6.488811,0,2,-14,0,0,0,
0,0,6.505666,0,2,-14,0,0,0,
0,0,6.522686,0,2,-14,0,0,0,
0,0,6.539353,0,2,-14,0,0,0,
0,0,6.556505,0,2,-14,0,0,0,
0,0,6.57317,0,2,-14,0,0,0,
0,0,6.589836,0,2,-14,0,0,0,
0,0,6.606513,0,2,-14,0,0,0,
0,0,6.623345,0,2,-14,0,0,0,
0,0,6.64032,0,2,-14,0,0,0,
0,0,6.656985,0,2,-14,0,0,0,
0,0,6.674313,0,2,-14,0,0,0,
0,0,6.690979,0,2,-14,0,0,0,
0,0,6.708133,0,2,-14,0,0,0,
0,0,6.725166,0,2,-14,0,0,0,
0,0,6.741833,0,2,-14,0,0,0,
0,0,6.7585,0,2,-14,0,0,0,
0,0,6.775167,0,2,-14,0,0,0,
0,0,6.791979,0,2,-14,0,0,0,
0,0,6.808646,0,2,-14,0,0,0,
0,0,6.825536,0,2,-14,0,0,0,
0,0,6.842203,0,2,-14,0,0,0,
0,0,6.859533,0,2,-14,0,0,0,
0,0,6.876595,0,2,-14,0,0,0,
0,0,6.89355,0,2,-14,0,0,0,
0,0,6.910434,0,2,-14,0,0,0,
0,0,6.927459,0,2,-14,0,0,0,
0,0,6.944126,0,2,-14,0,0,0,
0,0,6.960792,0,2,-14,0,0,0,
0,0,6.977459,0,2,-14,0,0,0,
0,0,6.994275,0,2,-14,0,0,0,
0,0,7.0112,0,2,-14,0,0,0,
0,0,7.027868,0,2,-14,0,0,0,
0,0,7.044534,0,2,-14,0,0,0,
0,0,7.0612,0,2,-14,0,0,0,
0,0,7.078057,0,2,-14,0,0,0,
0,0,7.094724,0,2,-14,0,0,0,
0,0,7.111391,0,2,-14,0,0,0,
0,0,7.128057,0,2,-14,0,0,0,
0,0,7.145146,0,2,-14,0,0,0,
0,0,7.162051,0,2,-14,0,0,0,
0,0,7.179005,0,2,-14,0,0,0,
0,0,7.195894,0,2,-14,0,0,0,
0,0,7.212919,0,2,-14,0,0,0,
0,0,7.229829,0,2,-14,0,0,0,
0,0,7.24683,0,2,-14,0,0,0,
0,0,7.263497,0,2,-14,0,0,0,
0,0,7.280657,0,2,-14,0,0,0,
0,0,7.310809,0,2,-14,0,0,0,
0,0,7.327478,0,2,-14,0,0,0,
0,0,7.344143,0,2,-14,0,0,0,
0,0,7.360938,0,2,-14,0,0,0,
0,0,7.423864,0,2,-14,0,0,0,
0,0,7.441229,0,2,-14,0,0,0,
0,0,7.457896,0,2,-14,0,0,0,
0,0,7.474562,0,2,-14,0,0,0,
0,0,7.49123,0,2,-14,0,0,0,
0,0,7.50805,0,2,-14,0,0,0,
0,0,7.524717,0,2,-14,0,0,0,
0,0,7.541384,0,2,-14,0,0,0,
0,0,7.558052,0,2,-14,0,0,0,
0,0,7.57492,0,2,-14,0,0,0,
0,0,7.591586,0,2,-14,0,0,0,
0,0,7.608252,0,2,-14,0,0,0,
0,0,7.624918,0,2,-14,0,0,0,
0,0,7.641788,0,2,-14,0,0,0,
0,0,7.658454,0,2,-14,0,0,0,
0,0,7.675685,0,2,-14,0,0,0,
0,0,7.692557,0,2,-14,0,0,0,
0,0,7.709605,0,2,-14,0,0,0,
0,0,7.726272,0,2,-14,0,0,0,
0,0,7.742939,0,2,-14,0,0,0,
0,0,7.759605,0,2,-14,0,0,0,
0,0,7.776272,0,2,-14,0,0,0,
0,0,7.792939,0,2,-14,0,0,0,
0,0,7.809606,0,2,-14,0,0,0,
0,0,7.826293,0,2,-14,0,0,0,
0,0,7.843249,0,2,-14,0,0,0,
0,0,7.860196,0,2,-14,0,0,0,
0,0,7.876862,0,2,-14,0,0,0,
0,0,7.89353,0,2,-14,0,0,0,
0,0,7.910196,0,2,-14,0,0,0,
0,0,7.926863,0,2,-14,0,0,0,
0,0,7.94392,0,2,-14,0,0,0,
0,0,7.960584,0,2,-14,0,0,0,
0,0,7.97725,0,2,-14,0,0,0,
0,0,7.993917,0,2,-14,0,0,0,
0,0,8.010584,0,2,-14,0,0,0,
0,0,8.02725,0,2,-14,0,0,0,
0,0,8.043918,0,2,-14,0,0,0,
0,0,8.060584,0,2,-14,0,0,0,
0,0,8.077611,0,2,-14,0,0,0,
0,0,8.094568,0,2,-14,0,0,0,
0,0,8.11152,0,2,-14,0,0,0,
0,0,8.128413,0,2,-14,0,0,0,
0,0,8.145386,0,2,-14,0,0,0,
0,0,8.162049,0,2,-14,0,0,0,
0,0,8.179277,0,2,-14,0,0,0,
0,0,8.19627,0,2,-14,0,0,0,
0,0,8.213243,0,2,-14,0,0,0,
0,0,8.23022,0,2,-14,0,0,0,
0,0,8.246885,0,2,-14,0,0,0,
0,0,8.263553,0,2,-14,0,0,0,
0,0,8.28022,0,2,-14,0,0,0,
0,0,8.296944,0,2,-14,0,0,0,
0,0,8.313982,0,2,-14,0,0,0,
0,0,8.330857,0,2,-14,0,0,0,
0,0,8.347524,0,2,-14,0,0,0,
0,0,8.364191,0,2,-14,0,0,0,
0,0,8.380858,0,2,-14,0,0,0,
0,0,8.397754,0,2,-14,0,0,0,
0,0,8.414716,0,2,-14,0,0,0,
0,0,8.431604,0,2,-14,0,0,0,
0,0,8.448269,0,2,-14,0,0,0,
0,0,8.464935,0,2,-14,0,0,0,
0,0,8.481603,0,2,-14,0,0,0,
0,0,8.49849,0,2,-14,0,0,0,
0,0,8.515439,0,2,-14,0,0,0,
0,0,8.532105,0,2,-14,0,0,0,
0,0,8.548772,0,2,-14,0,0,0,
0,0,8.565545,0,2,-14,0,0,0,
0,0,8.582503,0,2,-14,0,0,0,
0,0,8.599366,0,2,-14,0,0,0,
0,0,8.616326,0,2,-14,0,0,0,
0,0,8.632992,0,2,-14,0,0,0,
0,0,8.65033,0,2,-14,0,0,0,
0,0,8.667278,0,2,-14,0,0,0,
0,0,8.684222,0,2,-14,0,0,0,
0,0,8.700889,0,2,-14,0,0,0,
0,0,8.718143,0,2,-14,0,0,0,
0,0,8.734809,0,2,-14,0,0,0,
0,0,8.751476,0,2,-14,0,0,0,
0,0,8.768143,0,2,-14,0,0,0,
0,0,8.784964,0,2,-14,0,0,0,
0,0,8.801921,0,2,-14,0,0,0,
0,0,8.818587,0,2,-14,0,0,0,
0,0,8.835254,0,2,-14,0,0,0,
0,0,8.852756,0,2,-14,0,0,0,
0,0,8.869739,0,2,-14,0,0,0,
0,0,8.886694,0,2,-14,0,0,0,
0,0,8.903646,0,2,-14,0,0,0,
0,0,8.920598,0,2,-14,0,0,0,
0,0,8.937557,0,2,-14,0,0,0,
0,0,8.954516,0,2,-14,0,0,0,
0,0,8.971183,0,2,-14,0,0,0,
0,0,8.988427,0,2,-14,0,0,0,
0,0,9.005371,0,2,-14,0,0,0,
0,0,9.022325,0,2,-14,0,0,0,
0,0,9.038991,0,2,-14,0,0,0,
0,0,9.056359,0,2,-14,0,0,0,
0,0,9.073271,0,2,-14,0,0,0,
0,0,9.089938,0,2,-14,0,0,0,
0,0,9.106605,0,2,-14,0,0,0,
0,0,9.123271,0,2,-14,0,0,0,
0,0,9.140091,0,2,-14,0,0,0,
0,0,9.156757,0,2,-14,0,0,0,
0,0,9.17417,0,2,-14,0,0,0,
0,0,9.190837,0,2,-14,0,0,0,
0,0,9.207504,0,2,-14,0,0,0,
0,0,9.224173,0,2,-14,0,0,0,
0,0,9.240839,0,2,-14,0,0,0,
0,0,9.257855,0,2,-14,0,0,0,
0,0,9.274522,0,2,-14,0,0,0,
0,0,9.29119,0,2,-14,0,0,0,
0,0,9.307856,0,2,-14,0,0,0,
0,0,9.32462,0,2,-14,0,0,0,
0,0,9.34164,0,2,-14,0,0,0,
0,0,9.358584,0,2,-14,0,0,0,
0,0,9.375251,0,2,-14,0,0,0,
0,0,9.391917,0,2,-14,0,0,0,
0,0,9.408585,0,2,-14,0,0,0,
0,0,9.425398,0,2,-14,0,0,0,
0,0,9.442063,0,2,-14,0,0,0,
0,0,9.458731,0,2,-14,0,0,0,
0,0,9.475397,0,2,-14,0,0,0,
0,0,9.492064,0,2,-14,0,0,0,
0,0,9.508731,0,2,-14,0,0,0,
0,0,9.525397,0,2,-14,0,0,0,
0,0,9.542112,0,2,-14,0,0,0,
0,0,9.55878,0,2,-14,0,0,0,
0,0,9.575955,0,2,-14,0,0,0,
0,0,9.592619,0,2,-14,0,0,0,
0,0,9.609285,0,2,-14,0,0,0,
0,0,9.625955,0,2,-14,0,0,0,
0,0,9.642815,0,2,-14,0,0,0,
0,0,9.659481,0,2,-14,0,0,0,
0,0,9.676147,0,2,-14,0,0,0,
0,0,9.692815,0,2,-14,0,0,0,
0,0,9.709734,0,2,-14,0,0,0,
0,0,9.726743,0,2,-14,0,0,0,
0,0,9.74341,0,2,-14,0,0,0,
0,0,9.760077,0,2,-14,0,0,0,
0,0,9.776743,0,2,-14,0,0,0,
0,0,9.79341,0,2,-14,0,0,0,
0,0,9.810077,0,2,-14,0,0,0,
0,0,9.826744,0,2,-14,0,0,0,
0,0,9.843512,0,2,-14,0,0,0,
0,0,9.860449,0,2,-14,0,0,0,
0,0,9.877116,0,2,-14,0,0,0,
0,0,9.894354,0,2,-14,0,0,0,
0,0,9.911312,0,2,-14,0,0,0,
0,0,9.928273,0,2,-14,0,0,0,
0,0,9.944941,0,2,-14,0,0,0,
0,0,9.961607,0,2,-14,0,0,0,
0,0,9.978273,0,2,-14,0,0,0,
0,0,9.995045,0,2,-14,0,0,0,
0,0,10.01217,0,2,-14,0,0,0,
0,0,10.02915,0,2,-14,0,0,0,
0,0,10.04607,0,2,-14,0,0,0,
0,0,10.06294,0,2,-14,0,0,0,
0,0,10.07961,0,2,-14,0,0,0,
0,0,10.09696,0,2,-14,0,0,0,
0,0,10.11363,0,2,-14,0,0,0,
0,0,10.1303,0,2,-14,0,0,0,
0,0,10.14697,0,2,-14,0,0,0,
0,0,10.16378,0,2,-14,0,0,0,
0,0,10.18063,0,2,-14,0,0,0,
0,0,10.1973,0,2,-14,0,0,0,
0,0,10.21397,0,2,-14,0,0,0,
0,0,10.23063,0,2,-14,0,0,0,
0,0,10.2473,0,2,-14,0,0,0,
0,0,10.26397,0,2,-14,0,0,0,
0,0,10.28063,0,2,-14,0,0,0,
0,0,10.29735,0,2,-14,0,0,0,
0,0,10.31437,0,2,-14,0,0,0,
0,0,10.33132,0,2,-14,0,0,0,
0,0,10.34827,0,2,-14,0,0,0,
0,0,10.3652,0,2,-14,0,0,0,
0,0,10.38218,0,2,-14,0,0,0,
0,0,10.39914,0,2,-14,0,0,0,
0,0,10.41609,0,2,-14,0,0,0,
0,0,10.43304,0,2,-14,0,0,0,
0,0,10.45001,0,2,-14,0,0,0,
0,0,10.46696,0,2,-14,0,0,0,
0,0,10.48363,0,2,-14,0,0,0,
0,0,10.50087,0,2,-14,0,0,0,
0,0,10.51754,0,2,-14,0,0,0,
0,0,10.53421,0,2,-14,0,0,0,
0,0,10.55087,0,2,-14,0,0,0,
0,0,10.56761,0,2,-14,0,0,0,
0,0,10.58465,0,2,-14,0,0,0,
0,0,10.60131,0,2,-14,0,0,0,
0,0,10.61854,0,2,-14,0,0,0,
0,0,10.63542,0,2,-14,0,0,0,
0,0,10.65209,0,2,-14,0,0,0,
0,0,10.66876,0,2,-14,0,0,0,
0,0,10.68542,0,2,-14,0,0,0,
0,0,10.70251,0,2,-14,0,0,0,
0,0,10.71948,0,2,-14,0,0,0,
0,0,10.73642,0,2,-14,0,0,0,
0,0,10.75339,0,2,-14,0,0,0,
0,0,10.77006,0,2,-14,0,0,0,
0,0,10.78732,0,2,-14,0,0,0,
0,0,10.80425,0,2,-14,0,0,0,
0,0,10.82092,0,2,-14,0,0,0,
0,0,10.8378,0,2,-14,0,0,0,
0,0,10.85447,0,2,-14,0,0,0,
0,0,10.87113,0,2,-14,0,0,0,
0,0,10.8878,0,2,-14,0,0,0,
0,0,10.90459,0,2,-14,0,0,0,
0,0,10.92126,0,2,-14,0,0,0,
0,0,10.93792,0,2,-14,0,0,0,
0,0,10.95459,0,2,-14,0,0,0,
0,0,10.97141,0,2,-14,0,0,0,
0,0,10.98837,0,2,-14,0,0,0,
0,0,11.00531,0,2,-14,0,0,0,
0,0,11.02228,0,2,-14,0,0,0,
0,0,11.03924,0,2,-14,0,0,0,
0,0,11.05619,0,2,-14,0,0,0,
0,0,11.07314,0,2,-14,0,0,0,
0,0,11.09004,0,2,-14,0,0,0,
0,0,11.1067,0,2,-14,0,0,0,
0,0,11.12337,0,2,-14,0,0,0,
0,0,11.14055,0,2,-14,0,0,0,
0,0,11.15765,0,2,-14,0,0,0,
0,0,11.17459,0,2,-14,0,0,0,
0,0,11.19144,0,2,-14,0,0,0,
0,0,11.20844,0,2,-14,0,0,0,
0,0,11.22544,0,2,-14,0,0,0,
0,0,11.24211,0,2,-14,0,0,0,
0,0,11.25878,0,2,-14,0,0,0,
0,0,11.27544,0,2,-14,0,0,0,
0,0,11.29229,0,2,-14,0,0,0,
0,0,11.30925,0,2,-14,0,0,0,
0,0,11.32592,0,2,-14,0,0,0,
0,0,11.34258,0,2,-14,0,0,0,
0,0,11.35925,0,2,-14,0,0,0,
0,0,11.37605,0,2,-14,0,0,0,
0,0,11.39272,0,2,-14,0,0,0,
0,0,11.40938,0,2,-14,0,0,0,
0,0,11.42605,0,2,-14,0,0,0,
0,0,11.44287,0,2,-14,0,0,0,
0,0,11.45983,0,2,-14,0,0,0,
0,0,11.47669,0,2,-14,0,0,0,
0,0,11.49373,0,2,-14,0,0,0,
0,0,11.51039,0,2,-14,0,0,0,
0,0,11.52706,0,2,-14,0,0,0,
0,0,11.54373,0,2,-14,0,0,0,
0,0,11.56046,0,2,-14,0,0,0,
0,0,11.57751,0,2,-14,0,0,0,
0,0,11.59448,0,2,-14,0,0,0,
0,0,11.61141,0,2,-14,0,0,0,
0,0,11.62837,0,2,-14,0,0,0,
0,0,11.64503,0,2,-14,0,0,0,
0,0,11.6617,0,2,-14,0,0,0,
0,0,11.67837,0,2,-14,0,0,0,
0,0,11.69512,0,2,-14,0,0,0,
0,0,11.71214,0,2,-14,0,0,0,
0,0,11.7291,0,2,-14,0,0,0,
0,0,11.74608,0,2,-14,0,0,0,
0,0,11.76301,0,2,-14,0,0,0,
0,0,11.77999,0,2,-14,0,0,0,
0,0,11.79665,0,2,-14,0,0,0,
0,0,11.81332,0,2,-14,0,0,0,
0,0,11.82999,0,2,-14,0,0,0,
0,0,11.84681,0,2,-14,0,0,0,
0,0,11.86365,0,2,-14,0,0,0,
0,0,11.89195,0,2,-14,0,0,0,
0,0,11.90862,0,2,-14,0,0,0,
0,0,11.9257,0,2,-14,0,0,0,
0,0,11.94236,0,2,-14,0,0,0,
0,0,11.9596,0,2,-14,0,0,0,
0,0,11.97626,0,2,-14,0,0,0,
0,0,11.9935,0,2,-14,0,0,0,
0,0,12.01046,0,2,-14,0,0,0,
0,0,12.02713,0,2,-14,0,0,0,
0,0,12.04379,0,2,-14,0,0,0,
0,0,12.06046,0,2,-14,0,0,0,
0,0,12.07749,0,2,-14,0,0,0,
0,0,12.09449,0,2,-14,0,0,0,
0,0,12.11146,0,2,-14,0,0,0,
0,0,12.1284,0,2,-14,0,0,0,
0,0,12.14535,0,2,-14,0,0,0,
0,0,12.16231,0,2,-14,0,0,0,
0,0,12.17925,0,2,-14,0,0,0,
0,0,12.19622,0,2,-14,0,0,0,
0,0,12.21336,0,2,-14,0,0,0,
0,0,12.23031,0,2,-14,0,0,0,
0,0,12.24726,0,2,-14,0,0,0,
0,0,12.26393,0,2,-14,0,0,0,
0,0,12.28059,0,2,-14,0,0,0,
0,0,12.29818,0,2,-14,0,0,0,
0,0,12.31513,0,2,-14,0,0,0,
0,0,12.33179,0,2,-14,0,0,0,
0,0,12.34846,0,2,-14,0,0,0,
0,0,12.36513,0,2,-14,0,0,0,
0,0,12.38185,0,2,-14,0,0,0,
0,0,12.39891,0,2,-14,0,0,0,
0,0,12.41587,0,2,-14,0,0,0,
0,0,12.43283,0,2,-14,0,0,0,
0,0,12.4495,0,2,-14,0,0,0,
0,0,12.46616,0,2,-14,0,0,0,
0,0,12.48283,0,2,-14,0,0,0,
0,0,12.49962,0,2,-14,0,0,0,
0,0,12.51659,0,2,-14,0,0,0,
0,0,12.53355,0,2,-14,0,0,0,
0,0,12.55022,0,2,-14,0,0,0,
0,0,12.56736,0,2,-14,0,0,0,
0,0,12.58403,0,2,-14,0,0,0,
0,0,12.60135,0,2,-14,0,0,0,
0,0,12.6183,0,2,-14,0,0,0,
0,0,12.63528,0,2,-14,0,0,0,
0,0,12.65225,0,2,-14,0,0,0,
0,0,12.66914,0,2,-14,0,0,0,
0,0,12.68604,0,2,-14,0,0,0,
0,0,12.7027,0,2,-14,0,0,0,
0,0,12.71937,0,2,-14,0,0,0,
0,0,12.73617,0,2,-14,0,0,0,
0,0,12.75313,0,2,-14,0,0,0,
0,0,12.7698,0,2,-14,0,0,0,
0,0,12.78704,0,2,-14,0,0,0,
0,0,12.80399,0,2,-14,0,0,0,
0,0,12.82086,0,2,-14,0,0,0,
0,0,12.83791,0,2,-14,0,0,0,
0,0,12.85487,0,2,-14,0,0,0,
0,0,12.87184,0,2,-14,0,0,0,
0,0,12.88878,0,2,-14,0,0,0,
0,0,12.90571,0,2,-14,0,0,0,
0,0,12.92268,0,2,-14,0,0,0,
0,0,12.93963,0,2,-14,0,0,0,
0,0,12.95658,0,2,-14,0,0,0,
0,0,12.97345,0,2,-14,0,0,0,
0,0,12.99042,0,2,-14,0,0,0,
0,0,13.00744,0,2,-14,0,0,0,
0,0,13.02431,0,2,-14,0,0,0,
0,0,13.04156,0,2,-14,0,0,0,
0,0,13.05848,0,2,-14,0,0,0,
0,0,13.07514,0,2,-14,0,0,0,
0,0,13.09239,0,2,-14,0,0,0,
0,0,13.10936,0,2,-14,0,0,0,
0,0,13.12633,0,2,-14,0,0,0,
0,0,13.143,0,2,-14,0,0,0,
0,0,13.15989,0,2,-14,0,0,0,
0,0,13.17685,0,2,-14,0,0,0,
0,0,13.1938,0,2,-14,0,0,0,
0,0,13.21074,0,2,-14,0,0,0,
0,0,13.22741,0,2,-14,0,0,0,
0,0,13.24407,0,2,-14,0,0,0,
0,0,13.26074,0,2,-14,0,0,0,
0,0,13.27748,0,2,-14,0,0,0,
0,0,13.29452,0,2,-14,0,0,0,
0,0,13.31118,0,2,-14,0,0,0,
0,0,13.32844,0,2,-14,0,0,0,
0,0,13.34541,0,2,-14,0,0,0,
0,0,13.36232,0,2,-14,0,0,0,
0,0,13.37921,0,2,-14,0,0,0,
0,0,13.39627,0,2,-14,0,0,0,
0,0,13.41321,0,2,-14,0,0,0,
0,0,13.43017,0,2,-14,0,0,0,
0,0,13.44712,0,2,-14,0,0,0,
0,0,13.46406,0,2,-14,0,0,0,
0,0,13.48094,0,2,-14,0,0,0,
0,0,13.49799,0,2,-14,0,0,0,
0,0,13.51494,0,2,-14,0,0,0,
0,0,13.53202,0,2,-14,0,0,0,
0,0,13.54897,0,2,-14,0,0,0,
0,0,13.56592,0,2,-14,0,0,0,
0,0,13.58259,0,2,-14,0,0,0,
0,0,13.59984,0,2,-14,0,0,0,
0,0,13.61679,0,2,-14,0,0,0,
0,0,13.63374,0,2,-14,0,0,0,
0,0,13.65069,0,2,-14,0,0,0,
0,0,13.66763,0,2,-14,0,0,0,
0,0,13.68461,0,2,-14,0,0,0,
0,0,13.70149,0,2,-14,0,0,0,
0,0,13.71816,0,2,-14,0,0,0,
0,0,13.73546,0,2,-14,0,0,0,
0,0,13.75244,0,2,-14,0,0,0,
0,0,13.76911,0,2,-14,0,0,0,
0,0,13.78632,0,2,-14,0,0,0,
0,0,13.8032,0,2,-14,0,0,0,
0,0,13.81986,0,2,-14,0,0,0,
0,0,13.83653,0,2,-14,0,0,0,
0,0,13.8532,0,2,-14,0,0,0,
0,0,13.86986,0,2,-14,0,0,0,
0,0,13.88653,0,2,-14,0,0,0,
0,0,13.9032,0,2,-14,0,0,0,
0,0,13.91986,0,2,-14,0,0,0,
0,0,13.93693,0,2,-14,0,0,0,
0,0,13.95388,0,2,-14,0,0,0,
0,0,13.97085,0,2,-14,0,0,0,
0,0,13.98781,0,2,-14,0,0,0,
0,0,14.00483,0,2,-14,0,0,0,
0,0,14.02181,0,2,-14,0,0,0,
0,0,14.03889,0,2,-14,0,0,0,
0,0,14.05582,0,2,-14,0,0,0,
0,0,14.07249,0,2,-14,0,0,0,
0,0,14.08975,0,2,-14,0,0,0,
0,0,14.10675,0,2,-14,0,0,0,
0,0,14.12369,0,2,-14,0,0,0,
0,0,14.14072,0,2,-14,0,0,0,
0,0,14.15768,0,2,-14,0,0,0,
0,0,14.17453,0,2,-14,0,0,0,
0,0,14.19119,0,2,-14,0,0,0,
0,0,14.20851,0,2,-14,0,0,0,
0,0,14.22518,0,2,-14,0,0,0,
0,0,14.24185,0,2,-14,0,0,0,
0,0,14.25858,0,2,-14,0,0,0,
0,0,14.27555,0,2,-14,0,0,0,
0,0,14.29244,0,2,-14,0,0,0,
0,0,14.3091,0,2,-14,0,0,0,
0,0,14.32643,0,2,-14,0,0,0,
0,0,14.34338,0,2,-14,0,0,0,
0,0,14.36034,0,2,-14,0,0,0,
0,0,14.37722,0,2,-14,0,0,0,
0,0,14.39426,0,2,-14,0,0,0,
0,0,14.41113,0,2,-14,0,0,0,
0,0,14.42821,0,2,-14,0,0,0,
0,0,14.44524,0,2,-14,0,0,0,
0,0,14.46218,0,2,-14,0,0,0,
0,0,14.47913,0,2,-14,0,0,0,
0,0,14.4961,0,2,-14,0,0,0,
0,0,14.51307,0,2,-14,0,0,0,
0,0,14.52999,0,2,-14,0,0,0,
0,0,14.54666,0,2,-14,0,0,0,
0,0,14.56399,0,2,-14,0,0,0,
0,0,14.58104,0,2,-14,0,0,0,
0,0,14.5977,0,2,-14,0,0,0,
0,0,14.61483,0,2,-14,0,0,0,
0,0,14.6315,0,2,-14,0,0,0,
0,0,14.64816,0,2,-14,0,0,0,
0,0,14.66483,0,2,-14,0,0,0,
0,0,14.68177,0,2,-14,0,0,0,
0,0,14.69868,0,2,-14,0,0,0,
0,0,14.71535,0,2,-14,0,0,0,
0,0,14.73202,0,2,-14,0,0,0,
0,0,14.74868,0,2,-14,0,0,0,
0,0,14.76551,0,2,-14,0,0,0,
0,0,14.78249,0,2,-14,0,0,0,
0,0,14.79941,0,2,-14,0,0,0,
0,0,14.81608,0,2,-14,0,0,0,
0,0,14.83333,0,2,-14,0,0,0,
0,0,14.85029,0,2,-14,0,0,0,
0,0,14.86726,0,2,-14,0,0,0,
0,0,14.88393,0,2,-14,0,0,0,
0,0,14.90113,0,2,-14,0,0,0,
0,0,14.91779,0,2,-14,0,0,0,
0,0,14.93514,0,2,-14,0,0,0,
0,0,14.95208,0,2,-14,0,0,0,
0,0,14.96904,0,2,-14,0,0,0,
0,0,14.98571,0,2,-14,0,0,0,
0,0,15.00238,0,2,-14,0,0,0,
0,0,15.01904,0,2,-14,0,0,0,
0,0,15.03586,0,2,-14,0,0,0,
0,0,15.05282,0,2,-14,0,0,0,
0,0,15.06968,0,2,-14,0,0,0,
0,0,15.08668,0,2,-14,0,0,0,
0,0,15.10371,0,2,-14,0,0,0,
0,0,15.12037,0,2,-14,0,0,0,
0,0,15.39029,0,2,-14,0,0,0,
0,0,15.40755,0,2,-14,0,0,0,
0,0,15.4246,0,2,-14,0,0,0,
0,0,15.44155,0,2,-14,0,0,0,
0,0,15.45844,0,2,-14,0,0,0,
0,0,15.47546,0,2,-14,0,0,0,
0,0,15.49241,0,2,-14,0,0,0,
0,0,15.50908,0,2,-14,0,0,0,
0,0,15.52575,0,2,-14,0,0,0,
0,0,15.54241,0,2,-14,0,0,0,
0,0,15.55908,0,2,-14,0,0,0,
0,0,15.57592,0,2,-14,0,0,0,
0,0,15.59287,0,2,-14,0,0,0,
0,0,15.60982,0,2,-14,0,0,0,
0,0,15.62679,0,2,-14,0,0,0,
0,0,15.64374,0,2,-14,0,0,0,
0,0,15.6606,0,2,-14,0,0,0,
0,0,15.67764,0,2,-14,0,0,0,
0,0,15.69431,0,2,-14,0,0,0,
0,0,15.71156,0,2,-14,0,0,0,
0,0,15.72823,0,2,-14,0,0,0,
0,0,15.74489,0,2,-14,0,0,0,
0,0,15.76156,0,2,-14,0,0,0,
0,0,15.77823,0,2,-14,0,0,0,
0,0,15.79501,0,2,-14,0,0,0,
0,0,15.81196,0,2,-14,0,0,0,
0,0,15.82892,0,2,-14,0,0,0,
0,0,15.84558,0,2,-14,0,0,0,
0,0,15.86225,0,2,-14,0,0,0,
0,0,15.8798,0,2,-14,0,0,0,
0,0,15.8968,0,2,-14,0,0,0,
0,0,15.91376,0,2,-14,0,0,0,
0,0,15.93064,0,2,-14,0,0,0,
0,0,15.94731,0,2,-14,0,0,0,
0,0,15.96398,0,2,-14,0,0,0,
0,0,15.98064,0,2,-14,0,0,0,
0,0,15.99731,0,2,-14,0,0,0,
0,0,16.01398,0,2,-14,0,0,0,
0,0,16.03144,0,2,-14,0,0,0,
0,0,16.04811,0,2,-14,0,0,0,
0,0,16.06478,0,2,-14,0,0,0,
0,0,16.08144,0,2,-14,0,0,0,
0,0,16.09811,0,2,-14,0,0,0,
0,0,16.11522,0,2,-14,0,0,0,
0,0,16.13213,0,2,-14,0,0,0,
0,0,16.14879,0,2,-14,0,0,0,
0,0,16.16546,0,2,-14,0,0,0,
0,0,16.18213,0,2,-14,0,0,0,
0,0,16.19899,0,2,-14,0,0,0,
0,0,16.21566,0,2,-14,0,0,0,
0,0,16.23233,0,2,-14,0,0,0,
0,0,16.24899,0,2,-14,0,0,0,
0,0,16.26583,0,2,-14,0,0,0,
0,0,16.2827,0,2,-14,0,0,0,
0,0,16.29937,0,2,-14,0,0,0,
0,0,16.31603,0,2,-14,0,0,0,
0,0,16.3327,0,2,-14,0,0,0,
0,0,16.34959,0,2,-14,0,0,0,
0,0,16.36626,0,2,-14,0,0,0,
0,0,16.38293,0,2,-14,0,0,0,
0,0,16.39959,0,2,-14,0,0,0,
0,0,16.41642,0,2,-14,0,0,0,
0,0,16.43337,0,2,-14,0,0,0,
0,0,16.45033,0,2,-14,0,0,0,
0,0,16.46732,0,2,-14,0,0,0,
0,0,16.48399,0,2,-14,0,0,0,
0,0,16.50065,0,2,-14,0,0,0,
0,0,16.51732,0,2,-14,0,0,0,
0,0,16.5341,0,2,-14,0,0,0,
0,0,16.55097,0,2,-14,0,0,0,
0,0,16.56792,0,2,-14,0,0,0,
0,0,16.58497,0,2,-14,0,0,0,
0,0,16.60192,0,2,-14,0,0,0,
0,0,16.61887,0,2,-14,0,0,0,
0,0,16.63577,0,2,-14,0,0,0,
0,0,16.65277,0,2,-14,0,0,0,
0,0,16.66973,0,2,-14,0,0,0,
0,0,16.6867,0,2,-14,0,0,0,
0,0,16.70367,0,2,-14,0,0,0,
0,0,16.72065,0,2,-14,0,0,0,
0,0,16.73771,0,2,-14,0,0,0,
0,0,16.75456,0,2,-14,0,0,0,
0,0,16.77122,0,2,-14,0,0,0,
0,0,16.78868,0,2,-14,0,0,0,
0,0,16.80565,0,2,-14,0,0,0,
0,0,16.82232,0,2,-14,0,0,0,
0,0,16.83899,0,2,-14,0,0,0,
0,0,16.85566,0,2,-14,0,0,0,
0,0,16.87232,0,2,-14,0,0,0,
0,0,16.88964,0,2,-14,0,0,0,
0,0,16.9063,0,2,-14,0,0,0,
0,0,16.92297,0,2,-14,0,0,0,
0,0,16.93964,0,2,-14,0,0,0,
0,0,16.95644,0,2,-14,0,0,0,
0,0,16.97335,0,2,-14,0,0,0,
0,0,16.99026,0,2,-14,0,0,0,
0,0,17.00693,0,2,-14,0,0,0,
0,0,17.02426,0,2,-14,0,0,0,
0,0,17.04124,0,2,-14,0,0,0,
0,0,17.05808,0,2,-14,0,0,0,
0,0,17.07475,0,2,-14,0,0,0,
0,0,17.09207,0,2,-14,0,0,0,
0,0,17.109,0,2,-14,0,0,0,
0,0,17.126,0,2,-14,0,0,0,
0,0,17.14295,0,2,-14,0,0,0,
0,0,17.15989,0,2,-14,0,0,0,
0,0,17.17685,0,2,-14,0,0,0,
0,0,17.19372,0,2,-14,0,0,0,
0,0,17.21039,0,2,-14,0,0,0,
0,0,17.22706,0,2,-14,0,0,0,
0,0,17.24372,0,2,-14,0,0,0,
0,0,17.26054,0,2,-14,0,0,0,
0,0,17.27721,0,2,-14,0,0,0,
0,0,17.29388,0,2,-14,0,0,0,
0,0,17.31054,0,2,-14,0,0,0,
0,0,17.32721,0,2,-14,0,0,0,
0,0,17.34458,0,2,-14,0,0,0,
0,0,17.36125,0,2,-14,0,0,0,
0,0,17.37792,0,2,-14,0,0,0,
0,0,17.39459,0,2,-14,0,0,0,
0,0,17.41125,0,2,-14,0,0,0,
0,0,17.42792,0,2,-14,0,0,0,
0,0,17.44459,0,2,-14,0,0,0,
0,0,17.46125,0,2,-14,0,0,0,
0,0,17.47792,0,2,-14,0,0,0,
0,0,17.49459,0,2,-14,0,0,0,
0,0,17.51125,0,2,-14,0,0,0,
0,0,17.52835,0,2,-14,0,0,0,
0,0,17.54502,0,2,-14,0,0,0,
0,0,17.56223,0,2,-14,0,0,0,
0,0,17.5789,0,2,-14,0,0,0,
0,0,17.59557,0,2,-14,0,0,0,
0,0,17.61223,0,2,-14,0,0,0,
0,0,17.6289,0,2,-14,0,0,0,
0,0,17.64601,0,2,-14,0,0,0,
0,0,17.66355,0,2,-14,0,0,0,
0,0,17.68021,0,2,-14,0,0,0,
0,0,17.69688,0,2,-14,0,0,0,
0,0,17.71354,0,2,-14,0,0,0,
0,0,17.73021,0,2,-14,0,0,0,
0,0,17.74688,0,2,-14,0,0,0,
0,0,17.76433,0,2,-14,0,0,0,
0,0,17.78099,0,2,-14,0,0,0,
0,0,17.7982,0,2,-14,0,0,0,
0,0,17.81487,0,2,-14,0,0,0,
0,0,17.83153,0,2,-14,0,0,0,
0,0,17.8482,0,2,-14,0,0,0,
0,0,17.865,0,2,-14,0,0,0,
0,0,17.88194,0,2,-14,0,0,0,
0,0,17.89861,0,2,-14,0,0,0,
0,0,17.91596,0,2,-14,0,0,0,
0,0,17.9329,0,2,-14,0,0,0,
0,0,17.94983,0,2,-14,0,0,0,
0,0,17.96649,0,2,-14,0,0,0,
0,0,17.98377,0,2,-14,0,0,0,
0,0,18.00044,0,2,-14,0,0,0,
0,0,18.01768,0,2,-14,0,0,0,
0,0,18.03434,0,2,-14,0,0,0,
0,0,18.05125,0,2,-14,0,0,0,
0,0,18.06825,0,2,-14,0,0,0,
0,0,18.08524,0,2,-14,0,0,0,
0,0,18.1022,0,2,-14,0,0,0,
0,0,18.11913,0,2,-14,0,0,0,
0,0,18.13611,0,2,-14,0,0,0,
0,0,18.15278,0,2,-14,0,0,0,
0,0,18.16964,0,2,-14,0,0,0,
0,0,18.18654,0,2,-14,0,0,0,
0,0,18.20357,0,2,-14,0,0,0,
0,0,18.22057,0,2,-14,0,0,0,
0,0,18.23757,0,2,-14,0,0,0,
0,0,18.25455,0,2,-14,0,0,0,
0,0,18.27151,0,2,-14,0,0,0,
0,0,18.28843,0,2,-14,0,0,0,
0,0,18.3051,0,2,-14,0,0,0,
0,0,18.32176,0,2,-14,0,0,0,
0,0,18.33848,0,2,-14,0,0,0,
0,0,18.35553,0,2,-14,0,0,0,
0,0,18.37246,0,2,-14,0,0,0,
0,0,18.38951,0,2,-14,0,0,0,
0,0,18.40646,0,2,-14,0,0,0,
0,0,18.42313,0,2,-14,0,0,0,
0,0,18.44031,0,2,-14,0,0,0,
0,0,18.45724,0,2,-14,0,0,0,
0,0,18.47428,0,2,-14,0,0,0,
0,0,18.49117,0,2,-14,0,0,0,
0,0,18.50784,0,2,-14,0,0,0,
0,0,18.5245,0,2,-14,0,0,0,
0,0,18.54117,0,2,-14,0,0,0,
0,0,18.55806,0,2,-14,0,0,0,
0,0,18.57492,0,2,-14,0,0,0,
0,0,18.59197,0,2,-14,0,0,0,
0,0,18.60863,0,2,-14,0,0,0,
0,0,18.62588,0,2,-14,0,0,0,
0,0,18.64283,0,2,-14,0,0,0,
0,0,18.65978,0,2,-14,0,0,0,
0,0,18.67674,0,2,-14,0,0,0,
0,0,18.69341,0,2,-14,0,0,0,
0,0,18.71007,0,2,-14,0,0,0,
0,0,18.7276,0,2,-14,0,0,0,
0,0,18.74456,0,2,-14,0,0,0,
0,0,18.76123,0,2,-14,0,0,0,
0,0,18.77846,0,2,-14,0,0,0,
0,0,18.79542,0,2,-14,0,0,0,
0,0,18.81209,0,2,-14,0,0,0,
0,0,18.82876,0,2,-14,0,0,0,
0,0,18.84542,0,2,-14,0,0,0,
0,0,18.86224,0,2,-14,0,0,0,
0,0,18.87891,0,2,-14,0,0,0,
0,0,18.89616,0,2,-14,0,0,0,
0,0,18.91282,0,2,-14,0,0,0,
0,0,18.92949,0,2,-14,0,0,0,
0,0,18.94616,0,2,-14,0,0,0,
0,0,18.96297,0,2,-14,0,0,0,
0,0,18.97964,0,2,-14,0,0,0,
0,0,18.99692,0,2,-14,0,0,0,
0,0,19.01359,0,2,-14,0,0,0,
0,0,19.03025,0,2,-14,0,0,0,
0,0,19.04692,0,2,-14,0,0,0,
0,0,19.06359,0,2,-14,0,0,0,
0,0,19.08025,0,2,-14,0,0,0,
0,0,19.09692,0,2,-14,0,0,0,
0,0,19.11359,0,2,-14,0,0,0,
0,0,19.13025,0,2,-14,0,0,0,
0,0,19.14692,0,2,-14,0,0,0,
0,0,19.16359,0,2,-14,0,0,0,
0,0,19.18039,0,2,-14,0,0,0,
0,0,19.19726,0,2,-14,0,0,0,
0,0,19.21393,0,2,-14,0,0,0,
0,0,19.23059,0,2,-14,0,0,0,
0,0,19.24726,0,2,-14,0,0,0,
0,0,19.26393,0,2,-14,0,0,0,
0,0,19.28059,0,2,-14,0,0,0,
0,0,19.29726,0,2,-14,0,0,0,
0,0,19.31404,0,2,-14,0,0,0,
0,0,19.3307,0,2,-14,0,0,0,
0,0,19.34737,0,2,-14,0,0,0,
0,0,19.36404,0,2,-14,0,0,0,
0,0,19.38077,0,2,-14,0,0,0,
0,0,19.39743,0,2,-14,0,0,0,
0,0,19.4141,0,2,-14,0,0,0,
0,0,19.43077,0,2,-14,0,0,0,
0,0,19.44762,0,2,-14,0,0,0,
0,0,19.46428,0,2,-14,0,0,0,
0,0,19.48159,0,2,-14,0,0,0,
0,0,19.49854,0,2,-14,0,0,0,
0,0,19.5152,0,2,-14,0,0,0,
0,0,19.53187,0,2,-14,0,0,0,
0,0,19.54934,0,2,-14,0,0,0,
0,0,19.566,0,2,-14,0,0,0,
0,0,19.58267,0,2,-14,0,0,0,
0,0,19.59934,0,2,-14,0,0,0,
0,0,19.616,0,2,-14,0,0,0,
0,0,19.63267,0,2,-14,0,0,0,
0,0,19.64989,0,2,-14,0,0,0,
0,0,19.66656,0,2,-14,0,0,0,
0,0,19.68379,0,2,-14,0,0,0,
0,0,19.70067,0,2,-14,0,0,0,
0,0,19.71764,0,2,-14,0,0,0,
0,0,19.73466,0,2,-14,0,0,0,
0,0,19.75133,0,2,-14,0,0,0,
0,0,19.768,0,2,-14,0,0,0,
0,0,19.78488,0,2,-14,0,0,0,
0,0,19.80175,0,2,-14,0,0,0,
0,0,19.81842,0,2,-14,0,0,0,
0,0,19.83577,0,2,-14,0,0,0,
0,0,19.8526,0,2,-14,0,0,0,
0,0,19.86926,0,2,-14,0,0,0,
0,0,19.88662,0,2,-14,0,0,0,
0,0,19.90356,0,2,-14,0,0,0,
0,0,19.92052,0,2,-14,0,0,0,
0,0,19.93749,0,2,-14,0,0,0,
0,0,19.95443,0,2,-14,0,0,0,
0,0,19.9711,0,2,-14,0,0,0,
0,0,19.98777,0,2,-14,0,0,0,
0,0,20.00443,0,2,-14,0,0,0,
0,0,20.02125,0,2,-14,0,0,0,
0,0,20.03824,0,2,-14,0,0,0,
0,0,20.05516,0,2,-14,0,0,0,
0,0,20.07211,0,2,-14,0,0,0,
0,0,20.089,0,2,-14,0,0,0,
0,0,20.10606,0,2,-14,0,0,0,
0,0,20.12301,0,2,-14,0,0,0,
0,0,20.13995,0,2,-14,0,0,0,
0,0,20.15682,0,2,-14,0,0,0,
0,0,20.17376,0,2,-14,0,0,0,
0,0,20.19043,0,2,-14,0,0,0,
0,0,20.20778,0,2,-14,0,0,0,
0,0,20.22445,0,2,-14,0,0,0,
0,0,20.24111,0,2,-14,0,0,0,
0,0,20.25861,0,2,-14,0,0,0,
0,0,20.27558,0,2,-14,0,0,0,
0,0,20.29225,0,2,-14,0,0,0,
0,0,20.30891,0,2,-14,0,0,0,
0,0,20.32558,0,2,-14,0,0,0,
0,0,20.3424,0,2,-14,0,0,0,
0,0,20.35937,0,2,-14,0,0,0,
0,0,20.37631,0,2,-14,0,0,0,
0,0,20.39328,0,2,-14,0,0,0,
0,0,20.41021,0,2,-14,0,0,0,
0,0,20.42688,0,2,-14,0,0,0,
0,0,20.44354,0,2,-14,0,0,0,
0,0,20.46105,0,2,-14,0,0,0,
0,0,20.47772,0,2,-14,0,0,0,
0,0,20.49496,0,2,-14,0,0,0,
0,0,20.51163,0,2,-14,0,0,0,
0,0,20.52887,0,2,-14,0,0,0,
0,0,20.54554,0,2,-14,0,0,0,
0,0,20.56221,0,2,-14,0,0,0,
0,0,20.57887,0,2,-14,0,0,0,
0,0,20.59554,0,2,-14,0,0,0,
0,0,20.61267,0,2,-14,0,0,0,
0,0,20.62934,0,2,-14,0,0,0,
0,0,20.64657,0,2,-14,0,0,0,
0,0,20.66355,0,2,-14,0,0,0,
0,0,20.68047,0,2,-14,0,0,0,
0,0,20.69714,0,2,-14,0,0,0,
0,0,20.71443,0,2,-14,0,0,0,
0,0,20.73109,0,2,-14,0,0,0,
0,0,20.74776,0,2,-14,0,0,0,
0,0,20.76443,0,2,-14,0,0,0,
0,0,20.78125,0,2,-14,0,0,0,
0,0,20.79829,0,2,-14,0,0,0,
0,0,20.81525,0,2,-14,0,0,0,
0,0,20.83222,0,2,-14,0,0,0,
0,0,20.84917,0,2,-14,0,0,0,
0,0,20.86603,0,2,-14,0,0,0,
0,0,20.88299,0,2,-14,0,0,0,
0,0,20.90003,0,2,-14,0,0,0,
0,0,20.91696,0,2,-14,0,0,0,
0,0,20.93363,0,2,-14,0,0,0,
0,0,20.9508,0,2,-14,0,0,0,
0,0,20.96746,0,2,-14,0,0,0,
0,0,20.98413,0,2,-14,0,0,0,
0,0,21.0008,0,2,-14,0,0,0,
0,0,21.01747,0,2,-14,0,0,0,
0,0,21.03413,0,2,-14,0,0,0,
0,0,21.0508,0,2,-14,0,0,0,
0,0,21.06751,0,2,-14,0,0,0,
0,0,21.08447,0,2,-14,0,0,0,
0,0,21.10148,0,2,-14,0,0,0,
0,0,21.11815,0,2,-14,0,0,0,
0,0,21.13545,0,2,-14,0,0,0,
0,0,21.15212,0,2,-14,0,0,0,
0,0,21.16945,0,2,-14,0,0,0,
0,0,21.1864,0,2,-14,0,0,0,
0,0,21.20335,0,2,-14,0,0,0,
0,0,21.22002,0,2,-14,0,0,0,
0,0,21.23669,0,2,-14,0,0,0,
0,0,21.25335,0,2,-14,0,0,0,
0,0,21.27078,0,2,-14,0,0,0,
0,0,21.28787,0,2,-14,0,0,0,
0,0,21.3048,0,2,-14,0,0,0,
0,0,21.32147,0,2,-14,0,0,0,
0,0,21.33871,0,2,-14,0,0,0,
0,0,21.35565,0,2,-14,0,0,0,
0,0,21.37231,0,2,-14,0,0,0,
0,0,21.38957,0,2,-14,0,0,0,
0,0,21.40653,0,2,-14,0,0,0,
0,0,21.4232,0,2,-14,0,0,0,
0,0,21.43987,0,2,-14,0,0,0,
0,0,21.45653,0,2,-14,0,0,0,
0,0,21.4732,0,2,-14,0,0,0,
0,0,21.48987,0,2,-14,0,0,0,
0,0,21.5072,0,2,-14,0,0,0,
0,0,21.52387,0,2,-14,0,0,0,
0,0,21.54119,0,2,-14,0,0,0,
0,0,21.55786,0,2,-14,0,0,0,
0,0,21.57453,0,2,-14,0,0,0,
0,0,21.59162,0,2,-14,0,0,0,
0,0,21.60865,0,2,-14,0,0,0,
0,0,21.62532,0,2,-14,0,0,0,
0,0,21.64198,0,2,-14,0,0,0,
0,0,21.65865,0,2,-14,0,0,0,
0,0,21.67545,0,2,-14,0,0,0,
0,0,21.69242,0,2,-14,0,0,0,
0,0,21.70909,0,2,-14,0,0,0,
0,0,21.72576,0,2,-14,0,0,0,
0,0,21.74242,0,2,-14,0,0,0,
0,0,21.75917,0,2,-14,0,0,0,
0,0,21.77594,0,2,-14,0,0,0,
0,0,21.79289,0,2,-14,0,0,0,
0,0,21.80986,0,2,-14,0,0,0,
0,0,21.82652,0,2,-14,0,0,0,
0,0,21.84319,0,2,-14,0,0,0,
0,0,21.85986,0,2,-14,0,0,0,
0,0,21.87668,0,2,-14,0,0,0,
0,0,21.89354,0,2,-14,0,0,0,
0,0,21.9102,0,2,-14,0,0,0,
0,0,21.92687,0,2,-14,0,0,0,
0,0,21.94354,0,2,-14,0,0,0,
0,0,21.96021,0,2,-14,0,0,0,
0,0,21.97708,0,2,-14,0,0,0,
0,0,21.99401,0,2,-14,0,0,0,
0,0,22.01091,0,2,-14,0,0,0,
0,0,22.02793,0,2,-14,0,0,0,
0,0,22.04488,0,2,-14,0,0,0,
0,0,22.06183,0,2,-14,0,0,0,
0,0,22.07879,0,2,-14,0,0,0,
0,0,22.09576,0,2,-14,0,0,0,
0,0,22.11242,0,2,-14,0,0,0,
0,0,22.12909,0,2,-14,0,0,0,
0,0,22.14576,0,2,-14,0,0,0,
0,0,22.16254,0,2,-14,0,0,0,
0,0,22.17952,0,2,-14,0,0,0,
0,0,22.19638,0,2,-14,0,0,0,
0,0,22.21342,0,2,-14,0,0,0,
0,0,22.23038,0,2,-14,0,0,0,
0,0,22.24732,0,2,-14,0,0,0,
0,0,22.26429,0,2,-14,0,0,0,
0,0,22.28095,0,2,-14,0,0,0,
0,0,22.29814,0,2,-14,0,0,0,
0,0,22.31481,0,2,-14,0,0,0,
0,0,22.33202,0,2,-14,0,0,0,
0,0,22.34869,0,2,-14,0,0,0,
0,0,22.36602,0,2,-14,0,0,0,
0,0,22.38296,0,2,-14,0,0,0,
0,0,22.39963,0,2,-14,0,0,0,
0,0,22.4169,0,2,-14,0,0,0,
0,0,22.43357,0,2,-14,0,0,0,
0,0,22.45023,0,2,-14,0,0,0,
0,0,22.4669,0,2,-14,0,0,0,
0,0,22.48357,0,2,-14,0,0,0,
0,0,22.50023,0,2,-14,0,0,0,
0,0,22.5169,0,2,-14,0,0,0,
0,0,22.53362,0,2,-14,0,0,0,
0,0,22.55059,0,2,-14,0,0,0,
0,0,22.56744,0,2,-14,0,0,0,
0,0,22.58448,0,2,-14,0,0,0,
0,0,22.60114,0,2,-14,0,0,0,
0,0,22.61781,0,2,-14,0,0,0,
0,0,22.63448,0,2,-14,0,0,0,
0,0,22.65114,0,2,-14,0,0,0,
0,0,22.66781,0,2,-14,0,0,0,
0,0,22.68448,0,2,-14,0,0,0,
0,0,22.70127,0,2,-14,0,0,0,
0,0,22.71821,0,2,-14,0,0,0,
0,0,22.73516,0,2,-14,0,0,0,
0,0,22.75183,0,2,-14,0,0,0,
0,0,22.7685,0,2,-14,0,0,0,
0,0,22.78516,0,2,-14,0,0,0,
0,0,22.80183,0,2,-14,0,0,0,
0,0,22.81907,0,2,-14,0,0,0,
0,0,22.83603,0,2,-14,0,0,0,
0,0,22.8527,0,2,-14,0,0,0,
0,0,22.86937,0,2,-14,0,0,0,
0,0,22.88603,0,2,-14,0,0,0,
0,0,22.9027,0,2,-14,0,0,0,
0,0,22.91937,0,2,-14,0,0,0,
0,0,22.93679,0,2,-14,0,0,0,
0,0,22.95373,0,2,-14,0,0,0,
0,0,22.97071,0,2,-14,0,0,0,
0,0,22.98738,0,2,-14,0,0,0,
